FID,Name,Address,City,Zipcode,geom
Pools_ColumbiaAssociation.fid-e93e948_1509ab168f5_844,HOPEWELL POOL,9200 RUSTLING LEAF,Columbia,21045,POINT (1359698.6670667932 550869.6472559747)
Pools_ColumbiaAssociation.fid-e93e948_1509ab168f5_845,LOCUST PARK POOL,8995 LAMBSKIN LN,Columbia,21045,POINT (1362575.8472747158 562635.9124456114)
Pools_ColumbiaAssociation.fid-e93e948_1509ab168f5_846,HAMMOND PARK POOL,8034 HELMART DR,Laurel,20723,POINT (1345815.2701892194 539612.9101654117)
Pools_ColumbiaAssociation.fid-e93e948_1509ab168f5_847,CLEMENS CROSSING POOL,6400 MARTIN RD,Columbia,21044,POINT (1349104.521369856 556347.4401510705)
Pools_ColumbiaAssociation.fid-e93e948_1509ab168f5_848,RIVER HILL POOL,6330 TROTTER RD,Clarksville,21029,POINT (1334124.804986751 557278.4044722384)
Pools_ColumbiaAssociation.fid-e93e948_1509ab168f5_849,CLARYS FOREST POOL,11615 LITTLE PATUXENT PKWY,Columbia,21044,POINT (1341282.196825318 560411.6657178918)
Pools_ColumbiaAssociation.fid-e93e948_1509ab168f5_84a,HOBBITS GLEN POOL,11130 WILLOW BOTTOM DR,Columbia,21044,POINT (1340283.041782103 567290.7340514509)
Pools_ColumbiaAssociation.fid-e93e948_1509ab168f5_84b,OWEN BROWN POOL,6800 CRADLEROCK WAY,Columbia,21045,POINT (1357382.8164935769 556180.6216464915)
Pools_ColumbiaAssociation.fid-e93e948_1509ab168f5_84c,PHELPS LUCK POOL,8995 PHELPS LUCK DR,Columbia,21045,POINT (1363739.4795101648 566948.9024490856)
Pools_ColumbiaAssociation.fid-e93e948_1509ab168f5_84d,HUNTINGTON POOL,7625 MURRAY HILL RD,Columbia,21046,POINT (1355019.2616813316 544702.630539329)
Pools_ColumbiaAssociation.fid-e93e948_1509ab168f5_84e,JEFFERS HILL POOL,6030 TAMAR DR,Columbia,21045,POINT (1361276.7115873017 560386.7892742265)
Pools_ColumbiaAssociation.fid-e93e948_1509ab168f5_84f,MACGILL'S COMMON POOL,10025 SHAKER DR,Columbia,21046,POINT (1352059.2575492058 550727.705195061)
Pools_ColumbiaAssociation.fid-e93e948_1509ab168f5_850,THUNDER HILL POOL,9205 LOG CHAIN RD,Columbia,21045,POINT (1360059.2291679184 569027.6951473741)
Pools_ColumbiaAssociation.fid-e93e948_1509ab168f5_851,LONGFELLOW POOL,5257 ELIOTS OAK RD,Columbia,21044,POINT (1345614.7953196813 568033.2227288489)
Pools_ColumbiaAssociation.fid-e93e948_1509ab168f5_852,STEVENS FOREST POOL,6055 STEVENS FOREST RD,Columbia,21045,POINT (1356348.5417651872 559689.9561875555)
Pools_ColumbiaAssociation.fid-e93e948_1509ab168f5_853,DICKINSON POOL,7425 WEATHER WORN WAY,Columbia,21046,POINT (1348805.1260537435 546124.3924608108)
Pools_ColumbiaAssociation.fid-e93e948_1509ab168f5_854,DORSEY HALL SWIM CLUB,4649 COLUMBIA RD,Ellicott City,21042,POINT (1357878.5893826238 576732.3687465775)
Pools_ColumbiaAssociation.fid-e93e948_1509ab168f5_855,HAWTHORN POOL,6175 SUNNY SPRING,Columbia,21044,POINT (1345363.6895706835 561044.1127150763)
Pools_ColumbiaAssociation.fid-e93e948_1509ab168f5_856,BRYANT WOODS,10451 GREEN MOUNTAIN CIR,Columbia,21044,POINT (1350122.114247788 566479.7619879626)
Pools_ColumbiaAssociation.fid-e93e948_1509ab168f5_857,TALBOT SPRINGS POOL,9660 BASKET RING RD,Columbia,21045,POINT (1355859.500149132 563594.9725149189)
Pools_ColumbiaAssociation.fid-e93e948_1509ab168f5_858,KENDALL RIDGE POOL,8245 TAMAR DR,Columbia,21045,POINT (1368255.578359565 559428.6071970484)
Pools_ColumbiaAssociation.fid-e93e948_1509ab168f5_859,SWANSFIELD POOL,5659 CEDAR LN,Columbia,21044,POINT (1344439.4565225074 564906.4000921441)
Pools_ColumbiaAssociation.fid-e93e948_1509ab168f5_85a,RUNNING BROOK POOL,5730 COLUMBIA RD,Columbia,21044,POINT (1352955.6875132855 568780.6866949799)
Pools_ColumbiaAssociation.fid-e93e948_1509ab168f5_85b,FAULKNER RIDGE POOL,10518 MARBLE FAUN LN,Columbia,21044,POINT (1347791.045144329 566750.7688918926)
